{
    "Great Eastern Ranges Initiative": {
      "name": "Great Eastern Ranges Initiative",
      "layerName": "ger_initiative"
    },
    "RAMSAR wetland regions": {
      "name": "RAMSAR wetland regions",
      "layerName": "ramsar"
    },
    "Directory of Important Wetlands": {
      "name": "Directory of Important Wetlands",
      "layerName": "diwa_type_criteria"
    },
    "Areas for Further Assessment within the East Marine Region": {
      "name": "Areas for Further Assessment within the East Marine Region",
      "layerName": "east_afa_final"
    },
    "Australian Coral Ecoregions": {
      "name": "Australian Coral Ecoregions",
      "layerName": "australian_coral_ecoregions"
    },
    "Collaborative Australian Protected Areas Database": {
      "name": "Collaborative Australian Protected Areas Database",
      "layerName": "capad08_ext"
    },
    "Exclusive Economic Zone": {
      "name": "Exclusive Economic Zone",
      "layerName": "eez_poly"
    },
    "Myrtle Rust Observations": {
      "name": "Myrtle Rust Observations",
      "layerName": "myrtle_rust"
    },
    "Atlas of Life in the Coastal Wilderness": {
      "name": "Atlas of Life in the Coastal Wilderness",
      "layerName": "alwc4"
    },
    "ACT TAMS Reserves": {
      "name": "ACT TAMS Reserves",
      "layerName": "tams_reserves"
    },
    "NSW Local Land Services Regions": {
      "name": "NSW Local Land Services Regions",
      "layerName": "nswlls"
    },  
    "National Native Title Register": {
      "name": "National Native Title Register",
      "layerName": "ntd",
    },
    "Indigenous Land Use Agreements": {
      "name": "Indigenous Land Use Agreements",
      "layerName": "ilua",
    },
    " Indigenous Protected Areas": {
      "name": "Indigenous Protected Areas",
      "layerName": "ipa_7aug13",
    }
}

