{
    "states": {
        "name": "states",
        "layerName": "aus1",
        "fid": "cl22",
        "bieContext": "aus_states",
        "order": 0
    },
    "lgas": {
        "name": "lgas",
        "layerName": "lga_aust",
        "fid": "cl959",
        "bieContext": "gadm_admin",
        "order": 1
    },
    "ibras": {
        "name": "ibras",
        "layerName": "ibra_merged",
        "fid": "cl20",
        "bieContext": "ibra_no_states",
        "order": 2
    },
    "imcras": {
        "name": "imcras",
        "layerName": "imcra4_pb",
        "fid": "cl21",
        "bieContext": "imcra",
        "order": 3
    },
    "nrms": {
        "name": "nrms",
        "layerName": "nrm_regions_2010",
        "fid": "cl916",
        "bieContext": "nrm",
        "order": 4
    },
    "ipa_7aug13": {
        "name": "ipa_7aug13",
        "layerName": "ipa_7aug13",
        "fid": "cl2015",
        "bieContext": "indigenous",
        "order": 5
    },
    "ilua": {
        "name": "ilua",
        "layerName": "ilua",
        "fid": "cl2010",
        "bieContext": "indigenous",
        "order": 6
    },
    "other": {
        "name": "other",
        "layerName": "",
        "fid": "other",
        "bieContext": "",
        "order": 7
    }
}
