{"Australian Capital Territory":{"bird":{"name":"Callocephalon fimbriatum","guid":"urn:lsid:biodiversity.org.au:afd.taxon:60c4a2a5-1045-44b0-95ff-9c1a81f50da7"},"plant":{"name":"Wahlenbergia gloriosa","guid":"urn:lsid:biodiversity.org.au:apni.taxon:85204"}},"New South Wales":{"bird":{"name":"Dacelo novaeguineae","guid":"urn:lsid:biodiversity.org.au:afd.taxon:5b72fb29-0318-43f8-bc0a-58b879b17601"},"plant":{"name":"Telopea speciosissima","guid":"urn:lsid:biodiversity.org.au:apni.taxon:247599"},"animal":{"name":"Ornithorhynchus anatinus","guid":"urn:lsid:biodiversity.org.au:afd.taxon:33293f6d-0179-48f4-a12e-0c0e1ab0aa51"},"marine":{"name":"Achoerodus viridis ","guid":"urn:lsid:biodiversity.org.au:afd.taxon:55c3519a-033c-44c2-aa09-763fc56f2337"}},"Northern Territory":{"bird":{"name":"Aquila audax","guid":"urn:lsid:biodiversity.org.au:afd.taxon:1f65b5cf-fdac-4c15-868b-006f9e9c8ec0"},"plant":{"name":"Gossypium sturtianum","guid":"urn:lsid:biodiversity.org.au:apni.taxon:149575"},"animal":{"name":"Macropus rufus","guid":"urn:lsid:biodiversity.org.au:afd.taxon:aa745ff0-c776-4d0e-851d-369ba0e6f537"}},"Queensland":{"bird":{"name":"Grus rubicunda","guid":"urn:lsid:biodiversity.org.au:afd.taxon:c01a1c9e-5e7f-4332-bef7-ee91cd77ce3e"},"plant":{"name":"Vappodes phalaenopsis","guid":"urn:lsid:biodiversity.org.au:apni.taxon:285790"},"animal":{"name":"Phascolarctos cinereus","guid":"urn:lsid:biodiversity.org.au:afd.taxon:05d49ac2-0d88-45e7-8ae4-9164a274014d"},"marine":{"name":"Amphiprion akindynos","guid":"urn:lsid:biodiversity.org.au:afd.taxon:42c4fb98-ac43-459c-9637-864411dd4257"}},"South Australia":{"bird":{"name":"Gymnorhina tibicen","guid":"urn:lsid:biodiversity.org.au:afd.taxon:b76f8dcf-fabd-4e48-939c-fd3cafc1887a"},"plant":{"name":"Swainsona formosa","guid":"urn:lsid:biodiversity.org.au:apni.taxon:169120"},"animal":{"name":"Lasiorhinus latifrons","guid":"urn:lsid:biodiversity.org.au:afd.taxon:2c7f16e5-f0c8-4d01-a834-c7d6cccd7088"},"marine":{"name":"Phycodurus eques","guid":"urn:lsid:biodiversity.org.au:afd.taxon:747d23a3-76c2-402a-8f2a-3550a22ef62d"}},"Tasmania":{"bird":{"name":"Anthochaera paradoxa","guid":"urn:lsid:biodiversity.org.au:afd.taxon:410e1a0e-664f-44e4-b351-27aa62ceb4b5"},"plant":{"name":"Eucalyptus globulus","guid":"urn:lsid:biodiversity.org.au:apni.taxon:305457"},"animal":{"name":"Sarcophilus harrisii","guid":"urn:lsid:biodiversity.org.au:afd.taxon:a6e5e2e1-45cc-42b9-9dc5-860a405b7a1a"}},"Victoria":{"bird":{"name":"Lichenostomus melanops cassidix","guid":"urn:lsid:biodiversity.org.au:afd.taxon:c203e61e-220f-4f5c-a406-caafc261335b"},"plant":{"name":"Epacris impressa","guid":"urn:lsid:biodiversity.org.au:apni.taxon:273999"},"animal":{"name":"Gymnobelideus leadbeateri","guid":"urn:lsid:biodiversity.org.au:afd.taxon:f11a71d3-ce2f-4d14-8801-beb150c979ce"},"marine":{"name":"Phyllopteryx taeniolatus","guid":"urn:lsid:biodiversity.org.au:afd.taxon:8e9cbe54-8069-40ad-8eac-94b259fb620c"}},"Western Australia":{"bird":{"name":"Cygnus atratus","guid":"urn:lsid:biodiversity.org.au:afd.taxon:267befe8-af2f-4de1-9257-cb677b7dd08f"},"plant":{"name":"Anigozanthos manglesii","guid":"urn:lsid:biodiversity.org.au:apni.taxon:302290"},"animal":{"name":"Myrmecobius fasciatus","guid":"urn:lsid:biodiversity.org.au:afd.taxon:06b8e04c-8eb8-49e6-b429-85f03c3e2616"}}}